Image ID,Class
image_0_1127.jpg,10%mustard oil
image_0_1526.jpg,10%mustard oil
image_0_1694.jpg,10%mustard oil
image_0_1851.jpg,10%mustard oil
image_0_2288.jpg,10%mustard oil
image_0_2393.jpg,10%mustard oil
image_0_2506.jpg,10%mustard oil
image_0_2620.jpg,10%mustard oil
image_0_2636.jpg,10%mustard oil
image_0_2707.jpg,10%mustard oil
image_0_275.jpg,10%mustard oil
image_0_2933.jpg,10%mustard oil
image_0_2970.jpg,10%mustard oil
image_0_3027.jpg,10%mustard oil
image_0_3047.jpg,10%mustard oil
image_0_3081.jpg,10%mustard oil
image_0_3135.jpg,10%mustard oil
image_0_3247.jpg,10%mustard oil
image_0_3456.jpg,10%mustard oil
image_0_3713.jpg,10%mustard oil
image_0_38.jpg,10%mustard oil
image_0_3834.jpg,10%mustard oil
image_0_3859.jpg,10%mustard oil
image_0_3922.jpg,10%mustard oil
image_0_4187.jpg,10%mustard oil
image_0_424.jpg,10%mustard oil
image_0_4344.jpg,10%mustard oil
image_0_4370.jpg,10%mustard oil
image_0_4504.jpg,10%mustard oil
image_0_4528.jpg,10%mustard oil
image_0_4579.jpg,10%mustard oil
image_0_4642.jpg,10%mustard oil
image_0_4886.jpg,10%mustard oil
image_0_5218.jpg,10%mustard oil
image_0_522.jpg,10%mustard oil
image_0_5407.jpg,10%mustard oil
image_0_5463.jpg,10%mustard oil
image_0_5520.jpg,10%mustard oil
image_0_5827.jpg,10%mustard oil
image_0_5943.jpg,10%mustard oil
image_0_5953.jpg,10%mustard oil
image_0_6067.jpg,10%mustard oil
image_0_6185.jpg,10%mustard oil
image_0_6360.jpg,10%mustard oil
image_0_6374.jpg,10%mustard oil
image_0_6486.jpg,10%mustard oil
image_0_6574.jpg,10%mustard oil
image_0_6619.jpg,10%mustard oil
image_0_6780.jpg,10%mustard oil
image_0_6854.jpg,10%mustard oil
image_0_6899.jpg,10%mustard oil
image_0_7066.jpg,10%mustard oil
image_0_7080.jpg,10%mustard oil
image_0_7095.jpg,10%mustard oil
image_0_7147.jpg,10%mustard oil
image_0_7442.jpg,10%mustard oil
image_0_775.jpg,10%mustard oil
image_0_7798.jpg,10%mustard oil
image_0_788.jpg,10%mustard oil
image_0_7987.jpg,10%mustard oil
image_0_8110.jpg,10%mustard oil
image_0_8401.jpg,10%mustard oil
image_0_861.jpg,10%mustard oil
image_0_8720.jpg,10%mustard oil
image_0_8919.jpg,10%mustard oil
image_0_9082.jpg,10%mustard oil
image_0_9300.jpg,10%mustard oil
image_0_9442.jpg,10%mustard oil
image_0_9504.jpg,10%mustard oil
image_0_9928.jpg,10%mustard oil
image_0_1086.jpg,10%soyaoil
image_0_1125.jpg,10%soyaoil
image_0_1395.jpg,10%soyaoil
image_0_1503.jpg,10%soyaoil
image_0_1617.jpg,10%soyaoil
image_0_1792.jpg,10%soyaoil
image_0_1969.jpg,10%soyaoil
image_0_2040.jpg,10%soyaoil
image_0_2202.jpg,10%soyaoil
image_0_2224.jpg,10%soyaoil
image_0_2287.jpg,10%soyaoil
image_0_2381.jpg,10%soyaoil
image_0_2560.jpg,10%soyaoil
image_0_258.jpg,10%soyaoil
image_0_3034.jpg,10%soyaoil
image_0_31.jpg,10%soyaoil
image_0_3112.jpg,10%soyaoil
image_0_3273.jpg,10%soyaoil
image_0_3356.jpg,10%soyaoil
image_0_3435.jpg,10%soyaoil
image_0_3437.jpg,10%soyaoil
image_0_3471.jpg,10%soyaoil
image_0_3579.jpg,10%soyaoil
image_0_3629.jpg,10%soyaoil
image_0_3725.jpg,10%soyaoil
image_0_3759.jpg,10%soyaoil
image_0_3839.jpg,10%soyaoil
image_0_3884.jpg,10%soyaoil
image_0_4028.jpg,10%soyaoil
image_0_4105.jpg,10%soyaoil
image_0_4114.jpg,10%soyaoil
image_0_4411.jpg,10%soyaoil
image_0_4536.jpg,10%soyaoil
image_0_4695.jpg,10%soyaoil
image_0_4705.jpg,10%soyaoil
image_0_4784.jpg,10%soyaoil
image_0_4908.jpg,10%soyaoil
image_0_50.jpg,10%soyaoil
image_0_5055.jpg,10%soyaoil
image_0_5146.jpg,10%soyaoil
image_0_5163.jpg,10%soyaoil
image_0_5549.jpg,10%soyaoil
image_0_5586.jpg,10%soyaoil
image_0_5648.jpg,10%soyaoil
image_0_5724.jpg,10%soyaoil
image_0_5753.jpg,10%soyaoil
image_0_5928.jpg,10%soyaoil
image_0_5977.jpg,10%soyaoil
image_0_6220.jpg,10%soyaoil
image_0_6221.jpg,10%soyaoil
image_0_6339.jpg,10%soyaoil
image_0_6347.jpg,10%soyaoil
image_0_6365.jpg,10%soyaoil
image_0_6432.jpg,10%soyaoil
image_0_6477.jpg,10%soyaoil
image_0_6497.jpg,10%soyaoil
image_0_6539.jpg,10%soyaoil
image_0_7023.jpg,10%soyaoil
image_0_7052.jpg,10%soyaoil
image_0_7198.jpg,10%soyaoil
image_0_727.jpg,10%soyaoil
image_0_7379.jpg,10%soyaoil
image_0_7450.jpg,10%soyaoil
image_0_7458.jpg,10%soyaoil
image_0_7552.jpg,10%soyaoil
image_0_7626.jpg,10%soyaoil
image_0_7659.jpg,10%soyaoil
image_0_7670.jpg,10%soyaoil
image_0_7691.jpg,10%soyaoil
image_0_7722.jpg,10%soyaoil
image_0_774.jpg,10%soyaoil
image_0_7786.jpg,10%soyaoil
image_0_8375.jpg,10%soyaoil
image_0_8486.jpg,10%soyaoil
image_0_8500.jpg,10%soyaoil
image_0_867.jpg,10%soyaoil
image_0_8690.jpg,10%soyaoil
image_0_8829.jpg,10%soyaoil
image_0_8912.jpg,10%soyaoil
image_0_8974.jpg,10%soyaoil
image_0_8978.jpg,10%soyaoil
image_0_9061.jpg,10%soyaoil
image_0_9065.jpg,10%soyaoil
image_0_9117.jpg,10%soyaoil
image_0_9128.jpg,10%soyaoil
image_0_924.jpg,10%soyaoil
image_0_9386.jpg,10%soyaoil
image_0_9512.jpg,10%soyaoil
image_0_9515.jpg,10%soyaoil
image_0_9804.jpg,10%soyaoil
image_0_9820.jpg,10%soyaoil
image_0_9822.jpg,10%soyaoil
image_0_9862.jpg,10%soyaoil
image_0_9863.jpg,10%soyaoil
image_0_9918.jpg,10%soyaoil
image_0_9956.jpg,10%soyaoil
image_0_1327.jpg,20% mustard oil
image_0_1499.jpg,20% mustard oil
image_0_1658.jpg,20% mustard oil
image_0_1710.jpg,20% mustard oil
image_0_1771.jpg,20% mustard oil
image_0_2408.jpg,20% mustard oil
image_0_2427.jpg,20% mustard oil
image_0_2462.jpg,20% mustard oil
image_0_2760.jpg,20% mustard oil
image_0_2814.jpg,20% mustard oil
image_0_2815.jpg,20% mustard oil
image_0_2906.jpg,20% mustard oil
image_0_3147.jpg,20% mustard oil
image_0_3152.jpg,20% mustard oil
image_0_332.jpg,20% mustard oil
image_0_3323.jpg,20% mustard oil
image_0_3331.jpg,20% mustard oil
image_0_334.jpg,20% mustard oil
image_0_3432.jpg,20% mustard oil
image_0_3473.jpg,20% mustard oil
image_0_3517.jpg,20% mustard oil
image_0_3558.jpg,20% mustard oil
image_0_3909.jpg,20% mustard oil
image_0_4025.jpg,20% mustard oil
image_0_4034.jpg,20% mustard oil
image_0_415.jpg,20% mustard oil
image_0_4213.jpg,20% mustard oil
image_0_4268.jpg,20% mustard oil
image_0_4272.jpg,20% mustard oil
image_0_4337.jpg,20% mustard oil
image_0_4339.jpg,20% mustard oil
image_0_4545.jpg,20% mustard oil
image_0_463.jpg,20% mustard oil
image_0_49.jpg,20% mustard oil
image_0_503.jpg,20% mustard oil
image_0_5078.jpg,20% mustard oil
image_0_5120.jpg,20% mustard oil
image_0_5183.jpg,20% mustard oil
image_0_5195.jpg,20% mustard oil
image_0_524.jpg,20% mustard oil
image_0_526.jpg,20% mustard oil
image_0_5266.jpg,20% mustard oil
image_0_5327.jpg,20% mustard oil
image_0_5385.jpg,20% mustard oil
image_0_5408.jpg,20% mustard oil
image_0_5710.jpg,20% mustard oil
image_0_5712.jpg,20% mustard oil
image_0_5733.jpg,20% mustard oil
image_0_5812.jpg,20% mustard oil
image_0_588.jpg,20% mustard oil
image_0_5948.jpg,20% mustard oil
image_0_6094.jpg,20% mustard oil
image_0_6113.jpg,20% mustard oil
image_0_6132.jpg,20% mustard oil
image_0_6255.jpg,20% mustard oil
image_0_6370.jpg,20% mustard oil
image_0_6468.jpg,20% mustard oil
image_0_6687.jpg,20% mustard oil
image_0_6691.jpg,20% mustard oil
image_0_6914.jpg,20% mustard oil
image_0_7044.jpg,20% mustard oil
image_0_707.jpg,20% mustard oil
image_0_7076.jpg,20% mustard oil
image_0_7100.jpg,20% mustard oil
image_0_7112.jpg,20% mustard oil
image_0_7137.jpg,20% mustard oil
image_0_7504.jpg,20% mustard oil
image_0_7625.jpg,20% mustard oil
image_0_7653.jpg,20% mustard oil
image_0_7749.jpg,20% mustard oil
image_0_7761.jpg,20% mustard oil
image_0_7768.jpg,20% mustard oil
image_0_7893.jpg,20% mustard oil
image_0_8065.jpg,20% mustard oil
image_0_8140.jpg,20% mustard oil
image_0_8173.jpg,20% mustard oil
image_0_8178.jpg,20% mustard oil
image_0_8423.jpg,20% mustard oil
image_0_8504.jpg,20% mustard oil
image_0_8539.jpg,20% mustard oil
image_0_8569.jpg,20% mustard oil
image_0_8690.jpg,20% mustard oil
image_0_8913.jpg,20% mustard oil
image_0_9016.jpg,20% mustard oil
image_0_9254.jpg,20% mustard oil
image_0_9352.jpg,20% mustard oil
image_0_9710.jpg,20% mustard oil
image_0_9721.jpg,20% mustard oil
image_0_9729.jpg,20% mustard oil
image_0_9765.jpg,20% mustard oil
image_0_9851.jpg,20% mustard oil
image_0_1014.jpg,20% soyaoil
image_0_1034.jpg,20% soyaoil
image_0_1288.jpg,20% soyaoil
image_0_1298.jpg,20% soyaoil
image_0_1308.jpg,20% soyaoil
image_0_134.jpg,20% soyaoil
image_0_135.jpg,20% soyaoil
image_0_1364.jpg,20% soyaoil
image_0_1626.jpg,20% soyaoil
image_0_1751.jpg,20% soyaoil
image_0_1781.jpg,20% soyaoil
image_0_1803.jpg,20% soyaoil
image_0_1824.jpg,20% soyaoil
image_0_197.jpg,20% soyaoil
image_0_2002.jpg,20% soyaoil
image_0_2113.jpg,20% soyaoil
image_0_2118.jpg,20% soyaoil
image_0_2170.jpg,20% soyaoil
image_0_2204.jpg,20% soyaoil
image_0_2274.jpg,20% soyaoil
image_0_2289.jpg,20% soyaoil
image_0_2312.jpg,20% soyaoil
image_0_2332.jpg,20% soyaoil
image_0_2453.jpg,20% soyaoil
image_0_266.jpg,20% soyaoil
image_0_2880.jpg,20% soyaoil
image_0_3260.jpg,20% soyaoil
image_0_3613.jpg,20% soyaoil
image_0_3883.jpg,20% soyaoil
image_0_3887.jpg,20% soyaoil
image_0_4021.jpg,20% soyaoil
image_0_4137.jpg,20% soyaoil
image_0_4279.jpg,20% soyaoil
image_0_4566.jpg,20% soyaoil
image_0_4590.jpg,20% soyaoil
image_0_4734.jpg,20% soyaoil
image_0_4796.jpg,20% soyaoil
image_0_5001.jpg,20% soyaoil
image_0_5014.jpg,20% soyaoil
image_0_5283.jpg,20% soyaoil
image_0_535.jpg,20% soyaoil
image_0_5380.jpg,20% soyaoil
image_0_5476.jpg,20% soyaoil
image_0_5557.jpg,20% soyaoil
image_0_5612.jpg,20% soyaoil
image_0_5626.jpg,20% soyaoil
image_0_5655.jpg,20% soyaoil
image_0_5667.jpg,20% soyaoil
image_0_567.jpg,20% soyaoil
image_0_5734.jpg,20% soyaoil
image_0_5824.jpg,20% soyaoil
image_0_5961.jpg,20% soyaoil
image_0_6091.jpg,20% soyaoil
image_0_6194.jpg,20% soyaoil
image_0_6350.jpg,20% soyaoil
image_0_6517.jpg,20% soyaoil
image_0_6595.jpg,20% soyaoil
image_0_6603.jpg,20% soyaoil
image_0_6662.jpg,20% soyaoil
image_0_6668.jpg,20% soyaoil
image_0_6686.jpg,20% soyaoil
image_0_6887.jpg,20% soyaoil
image_0_7133.jpg,20% soyaoil
image_0_7253.jpg,20% soyaoil
image_0_7738.jpg,20% soyaoil
image_0_7914.jpg,20% soyaoil
image_0_7925.jpg,20% soyaoil
image_0_7933.jpg,20% soyaoil
image_0_8018.jpg,20% soyaoil
image_0_8273.jpg,20% soyaoil
image_0_8378.jpg,20% soyaoil
image_0_8664.jpg,20% soyaoil
image_0_8696.jpg,20% soyaoil
image_0_875.jpg,20% soyaoil
image_0_8839.jpg,20% soyaoil
image_0_8851.jpg,20% soyaoil
image_0_894.jpg,20% soyaoil
image_0_9046.jpg,20% soyaoil
image_0_9185.jpg,20% soyaoil
image_0_9340.jpg,20% soyaoil
image_0_9491.jpg,20% soyaoil
image_0_9559.jpg,20% soyaoil
image_0_9718.jpg,20% soyaoil
image_0_1065.jpg,50%mustard oil
image_0_1089.jpg,50%mustard oil
image_0_1155.jpg,50%mustard oil
image_0_1281.jpg,50%mustard oil
image_0_1502.jpg,50%mustard oil
image_0_1529.jpg,50%mustard oil
image_0_1664.jpg,50%mustard oil
image_0_1701.jpg,50%mustard oil
image_0_1702.jpg,50%mustard oil
image_0_1751.jpg,50%mustard oil
image_0_1827.jpg,50%mustard oil
image_0_189.jpg,50%mustard oil
image_0_1906.jpg,50%mustard oil
image_0_1960.jpg,50%mustard oil
image_0_1961.jpg,50%mustard oil
image_0_1981.jpg,50%mustard oil
image_0_1995.jpg,50%mustard oil
image_0_2026.jpg,50%mustard oil
image_0_2059.jpg,50%mustard oil
image_0_2161.jpg,50%mustard oil
image_0_2189.jpg,50%mustard oil
image_0_2214.jpg,50%mustard oil
image_0_226.jpg,50%mustard oil
image_0_2463.jpg,50%mustard oil
image_0_2573.jpg,50%mustard oil
image_0_2828.jpg,50%mustard oil
image_0_3040.jpg,50%mustard oil
image_0_3099.jpg,50%mustard oil
image_0_3148.jpg,50%mustard oil
image_0_3210.jpg,50%mustard oil
image_0_330.jpg,50%mustard oil
image_0_3399.jpg,50%mustard oil
image_0_3702.jpg,50%mustard oil
image_0_3793.jpg,50%mustard oil
image_0_3864.jpg,50%mustard oil
image_0_3966.jpg,50%mustard oil
image_0_422.jpg,50%mustard oil
image_0_4358.jpg,50%mustard oil
image_0_4681.jpg,50%mustard oil
image_0_4823.jpg,50%mustard oil
image_0_5051.jpg,50%mustard oil
image_0_5250.jpg,50%mustard oil
image_0_5580.jpg,50%mustard oil
image_0_5671.jpg,50%mustard oil
image_0_5705.jpg,50%mustard oil
image_0_5840.jpg,50%mustard oil
image_0_5886.jpg,50%mustard oil
image_0_59.jpg,50%mustard oil
image_0_5928.jpg,50%mustard oil
image_0_5974.jpg,50%mustard oil
image_0_6068.jpg,50%mustard oil
image_0_6091.jpg,50%mustard oil
image_0_6171.jpg,50%mustard oil
image_0_6442.jpg,50%mustard oil
image_0_6463.jpg,50%mustard oil
image_0_6498.jpg,50%mustard oil
image_0_6573.jpg,50%mustard oil
image_0_6597.jpg,50%mustard oil
image_0_6634.jpg,50%mustard oil
image_0_6806.jpg,50%mustard oil
image_0_697.jpg,50%mustard oil
image_0_7005.jpg,50%mustard oil
image_0_713.jpg,50%mustard oil
image_0_7167.jpg,50%mustard oil
image_0_7218.jpg,50%mustard oil
image_0_7238.jpg,50%mustard oil
image_0_7420.jpg,50%mustard oil
image_0_7456.jpg,50%mustard oil
image_0_7599.jpg,50%mustard oil
image_0_7735.jpg,50%mustard oil
image_0_775.jpg,50%mustard oil
image_0_7896.jpg,50%mustard oil
image_0_7908.jpg,50%mustard oil
image_0_7990.jpg,50%mustard oil
image_0_8022.jpg,50%mustard oil
image_0_8137.jpg,50%mustard oil
image_0_8146.jpg,50%mustard oil
image_0_8156.jpg,50%mustard oil
image_0_8168.jpg,50%mustard oil
image_0_8182.jpg,50%mustard oil
image_0_8262.jpg,50%mustard oil
image_0_839.jpg,50%mustard oil
image_0_8449.jpg,50%mustard oil
image_0_8551.jpg,50%mustard oil
image_0_8634.jpg,50%mustard oil
image_0_8676.jpg,50%mustard oil
image_0_8693.jpg,50%mustard oil
image_0_8731.jpg,50%mustard oil
image_0_8842.jpg,50%mustard oil
image_0_9011.jpg,50%mustard oil
image_0_9019.jpg,50%mustard oil
image_0_912.jpg,50%mustard oil
image_0_9166.jpg,50%mustard oil
image_0_925.jpg,50%mustard oil
image_0_9279.jpg,50%mustard oil
image_0_9361.jpg,50%mustard oil
image_0_9375.jpg,50%mustard oil
image_0_940.jpg,50%mustard oil
image_0_941.jpg,50%mustard oil
image_0_9456.jpg,50%mustard oil
image_0_9480.jpg,50%mustard oil
image_0_9660.jpg,50%mustard oil
image_0_9824.jpg,50%mustard oil
image_0_9921.jpg,50%mustard oil
image_0_9939.jpg,50%mustard oil
image_0_1094.jpg,50%soya oil
image_0_1254.jpg,50%soya oil
image_0_1289.jpg,50%soya oil
image_0_1301.jpg,50%soya oil
image_0_1859.jpg,50%soya oil
image_0_1913.jpg,50%soya oil
image_0_1961.jpg,50%soya oil
image_0_2158.jpg,50%soya oil
image_0_2258.jpg,50%soya oil
image_0_2336.jpg,50%soya oil
image_0_2854.jpg,50%soya oil
image_0_2964.jpg,50%soya oil
image_0_3018.jpg,50%soya oil
image_0_3134.jpg,50%soya oil
image_0_321.jpg,50%soya oil
image_0_3584.jpg,50%soya oil
image_0_3658.jpg,50%soya oil
image_0_3860.jpg,50%soya oil
image_0_3862.jpg,50%soya oil
image_0_397.jpg,50%soya oil
image_0_4053.jpg,50%soya oil
image_0_4096.jpg,50%soya oil
image_0_4152.jpg,50%soya oil
image_0_4545.jpg,50%soya oil
image_0_4724.jpg,50%soya oil
image_0_4831.jpg,50%soya oil
image_0_4878.jpg,50%soya oil
image_0_4929.jpg,50%soya oil
image_0_4938.jpg,50%soya oil
image_0_4951.jpg,50%soya oil
image_0_5128.jpg,50%soya oil
image_0_534.jpg,50%soya oil
image_0_5564.jpg,50%soya oil
image_0_5635.jpg,50%soya oil
image_0_5886.jpg,50%soya oil
image_0_6018.jpg,50%soya oil
image_0_6024.jpg,50%soya oil
image_0_6046.jpg,50%soya oil
image_0_6102.jpg,50%soya oil
image_0_6314.jpg,50%soya oil
image_0_6376.jpg,50%soya oil
image_0_6393.jpg,50%soya oil
image_0_652.jpg,50%soya oil
image_0_6806.jpg,50%soya oil
image_0_7142.jpg,50%soya oil
image_0_7306.jpg,50%soya oil
image_0_7313.jpg,50%soya oil
image_0_734.jpg,50%soya oil
image_0_7500.jpg,50%soya oil
image_0_7515.jpg,50%soya oil
image_0_7539.jpg,50%soya oil
image_0_7616.jpg,50%soya oil
image_0_7626.jpg,50%soya oil
image_0_7634.jpg,50%soya oil
image_0_7722.jpg,50%soya oil
image_0_7724.jpg,50%soya oil
image_0_7879.jpg,50%soya oil
image_0_7932.jpg,50%soya oil
image_0_804.jpg,50%soya oil
image_0_8153.jpg,50%soya oil
image_0_8322.jpg,50%soya oil
image_0_8326.jpg,50%soya oil
image_0_8425.jpg,50%soya oil
image_0_8587.jpg,50%soya oil
image_0_876.jpg,50%soya oil
image_0_8820.jpg,50%soya oil
image_0_8842.jpg,50%soya oil
image_0_8898.jpg,50%soya oil
image_0_891.jpg,50%soya oil
image_0_8927.jpg,50%soya oil
image_0_9021.jpg,50%soya oil
image_0_908.jpg,50%soya oil
image_0_9110.jpg,50%soya oil
image_0_9243.jpg,50%soya oil
image_0_9290.jpg,50%soya oil
image_0_9335.jpg,50%soya oil
image_0_9522.jpg,50%soya oil
image_0_9601.jpg,50%soya oil
image_0_9639.jpg,50%soya oil
image_0_9773.jpg,50%soya oil
image_0_1007.jpg,Pure Mustard Oil
image_0_1031.jpg,Pure Mustard Oil
image_0_1047.jpg,Pure Mustard Oil
image_0_1150.jpg,Pure Mustard Oil
image_0_1160.jpg,Pure Mustard Oil
image_0_1191.jpg,Pure Mustard Oil
image_0_1219.jpg,Pure Mustard Oil
image_0_1671.jpg,Pure Mustard Oil
image_0_1807.jpg,Pure Mustard Oil
image_0_1951.jpg,Pure Mustard Oil
image_0_2195.jpg,Pure Mustard Oil
image_0_2268.jpg,Pure Mustard Oil
image_0_2359.jpg,Pure Mustard Oil
image_0_237.jpg,Pure Mustard Oil
image_0_2436.jpg,Pure Mustard Oil
image_0_2694.jpg,Pure Mustard Oil
image_0_2714.jpg,Pure Mustard Oil
image_0_2746.jpg,Pure Mustard Oil
image_0_2759.jpg,Pure Mustard Oil
image_0_2835.jpg,Pure Mustard Oil
image_0_2871.jpg,Pure Mustard Oil
image_0_2914.jpg,Pure Mustard Oil
image_0_3206.jpg,Pure Mustard Oil
image_0_3236.jpg,Pure Mustard Oil
image_0_334.jpg,Pure Mustard Oil
image_0_3353.jpg,Pure Mustard Oil
image_0_3584.jpg,Pure Mustard Oil
image_0_3596.jpg,Pure Mustard Oil
image_0_3683.jpg,Pure Mustard Oil
image_0_3800.jpg,Pure Mustard Oil
image_0_3895.jpg,Pure Mustard Oil
image_0_3976.jpg,Pure Mustard Oil
image_0_414.jpg,Pure Mustard Oil
image_0_4248.jpg,Pure Mustard Oil
image_0_4254.jpg,Pure Mustard Oil
image_0_4258.jpg,Pure Mustard Oil
image_0_4354.jpg,Pure Mustard Oil
image_0_4376.jpg,Pure Mustard Oil
image_0_4381.jpg,Pure Mustard Oil
image_0_4532.jpg,Pure Mustard Oil
image_0_4564.jpg,Pure Mustard Oil
image_0_4578.jpg,Pure Mustard Oil
image_0_4611.jpg,Pure Mustard Oil
image_0_4692.jpg,Pure Mustard Oil
image_0_4826.jpg,Pure Mustard Oil
image_0_4865.jpg,Pure Mustard Oil
image_0_5024.jpg,Pure Mustard Oil
image_0_5090.jpg,Pure Mustard Oil
image_0_5105.jpg,Pure Mustard Oil
image_0_5284.jpg,Pure Mustard Oil
image_0_5351.jpg,Pure Mustard Oil
image_0_543.jpg,Pure Mustard Oil
image_0_5477.jpg,Pure Mustard Oil
image_0_5626.jpg,Pure Mustard Oil
image_0_5832.jpg,Pure Mustard Oil
image_0_5962.jpg,Pure Mustard Oil
image_0_6167.jpg,Pure Mustard Oil
image_0_6390.jpg,Pure Mustard Oil
image_0_6513.jpg,Pure Mustard Oil
image_0_6583.jpg,Pure Mustard Oil
image_0_6604.jpg,Pure Mustard Oil
image_0_6764.jpg,Pure Mustard Oil
image_0_6805.jpg,Pure Mustard Oil
image_0_681.jpg,Pure Mustard Oil
image_0_6929.jpg,Pure Mustard Oil
image_0_6936.jpg,Pure Mustard Oil
image_0_6962.jpg,Pure Mustard Oil
image_0_7079.jpg,Pure Mustard Oil
image_0_7372.jpg,Pure Mustard Oil
image_0_7403.jpg,Pure Mustard Oil
image_0_7463.jpg,Pure Mustard Oil
image_0_7526.jpg,Pure Mustard Oil
image_0_7715.jpg,Pure Mustard Oil
image_0_78.jpg,Pure Mustard Oil
image_0_7859.jpg,Pure Mustard Oil
image_0_7953.jpg,Pure Mustard Oil
image_0_7980.jpg,Pure Mustard Oil
image_0_8216.jpg,Pure Mustard Oil
image_0_827.jpg,Pure Mustard Oil
image_0_8333.jpg,Pure Mustard Oil
image_0_8355.jpg,Pure Mustard Oil
image_0_8696.jpg,Pure Mustard Oil
image_0_8958.jpg,Pure Mustard Oil
image_0_9073.jpg,Pure Mustard Oil
image_0_9145.jpg,Pure Mustard Oil
image_0_9242.jpg,Pure Mustard Oil
image_0_9317.jpg,Pure Mustard Oil
image_0_9319.jpg,Pure Mustard Oil
image_0_9634.jpg,Pure Mustard Oil
image_0_9800.jpg,Pure Mustard Oil
image_0_109.jpg,Pure OliveOil
image_0_1102.jpg,Pure OliveOil
image_0_1199.jpg,Pure OliveOil
image_0_1291.jpg,Pure OliveOil
image_0_1354.jpg,Pure OliveOil
image_0_136.jpg,Pure OliveOil
image_0_1627.jpg,Pure OliveOil
image_0_2070.jpg,Pure OliveOil
image_0_2097.jpg,Pure OliveOil
image_0_2267.jpg,Pure OliveOil
image_0_2317.jpg,Pure OliveOil
image_0_2488.jpg,Pure OliveOil
image_0_2584.jpg,Pure OliveOil
image_0_2663.jpg,Pure OliveOil
image_0_2667.jpg,Pure OliveOil
image_0_2880.jpg,Pure OliveOil
image_0_3114.jpg,Pure OliveOil
image_0_3277.jpg,Pure OliveOil
image_0_363.jpg,Pure OliveOil
image_0_3789.jpg,Pure OliveOil
image_0_3921.jpg,Pure OliveOil
image_0_4208.jpg,Pure OliveOil
image_0_4291.jpg,Pure OliveOil
image_0_4301.jpg,Pure OliveOil
image_0_4324.jpg,Pure OliveOil
image_0_4674.jpg,Pure OliveOil
image_0_4765.jpg,Pure OliveOil
image_0_4937.jpg,Pure OliveOil
image_0_5083.jpg,Pure OliveOil
image_0_5112.jpg,Pure OliveOil
image_0_5514.jpg,Pure OliveOil
image_0_5628.jpg,Pure OliveOil
image_0_5694.jpg,Pure OliveOil
image_0_5708.jpg,Pure OliveOil
image_0_5712.jpg,Pure OliveOil
image_0_5833.jpg,Pure OliveOil
image_0_5847.jpg,Pure OliveOil
image_0_606.jpg,Pure OliveOil
image_0_6168.jpg,Pure OliveOil
image_0_6198.jpg,Pure OliveOil
image_0_6236.jpg,Pure OliveOil
image_0_6481.jpg,Pure OliveOil
image_0_6538.jpg,Pure OliveOil
image_0_6622.jpg,Pure OliveOil
image_0_6699.jpg,Pure OliveOil
image_0_674.jpg,Pure OliveOil
image_0_6793.jpg,Pure OliveOil
image_0_6862.jpg,Pure OliveOil
image_0_7097.jpg,Pure OliveOil
image_0_7610.jpg,Pure OliveOil
image_0_7934.jpg,Pure OliveOil
image_0_8147.jpg,Pure OliveOil
image_0_8327.jpg,Pure OliveOil
image_0_8376.jpg,Pure OliveOil
image_0_8382.jpg,Pure OliveOil
image_0_8395.jpg,Pure OliveOil
image_0_8452.jpg,Pure OliveOil
image_0_853.jpg,Pure OliveOil
image_0_8668.jpg,Pure OliveOil
image_0_8674.jpg,Pure OliveOil
image_0_8706.jpg,Pure OliveOil
image_0_8742.jpg,Pure OliveOil
image_0_8921.jpg,Pure OliveOil
image_0_8972.jpg,Pure OliveOil
image_0_9002.jpg,Pure OliveOil
image_0_9027.jpg,Pure OliveOil
image_0_9061.jpg,Pure OliveOil
image_0_9475.jpg,Pure OliveOil
image_0_9567.jpg,Pure OliveOil
image_0_9696.jpg,Pure OliveOil
image_0_9715.jpg,Pure OliveOil
image_0_9791.jpg,Pure OliveOil
image_0_9795.jpg,Pure OliveOil
image_0_9805.jpg,Pure OliveOil
image_0_995.jpg,Pure OliveOil
image_0_1012.jpg,Pure Soya Oil
image_0_1181.jpg,Pure Soya Oil
image_0_1219.jpg,Pure Soya Oil
image_0_1255.jpg,Pure Soya Oil
image_0_1485.jpg,Pure Soya Oil
image_0_1687.jpg,Pure Soya Oil
image_0_194.jpg,Pure Soya Oil
image_0_2002.jpg,Pure Soya Oil
image_0_2025.jpg,Pure Soya Oil
image_0_217.jpg,Pure Soya Oil
image_0_2396.jpg,Pure Soya Oil
image_0_2462.jpg,Pure Soya Oil
image_0_2738.jpg,Pure Soya Oil
image_0_2870.jpg,Pure Soya Oil
image_0_2936.jpg,Pure Soya Oil
image_0_3306.jpg,Pure Soya Oil
image_0_3334.jpg,Pure Soya Oil
image_0_3357.jpg,Pure Soya Oil
image_0_3459.jpg,Pure Soya Oil
image_0_3666.jpg,Pure Soya Oil
image_0_3787.jpg,Pure Soya Oil
image_0_3933.jpg,Pure Soya Oil
image_0_4132.jpg,Pure Soya Oil
image_0_4255.jpg,Pure Soya Oil
image_0_4381.jpg,Pure Soya Oil
image_0_4538.jpg,Pure Soya Oil
image_0_4546.jpg,Pure Soya Oil
image_0_475.jpg,Pure Soya Oil
image_0_4949.jpg,Pure Soya Oil
image_0_5063.jpg,Pure Soya Oil
image_0_5223.jpg,Pure Soya Oil
image_0_5233.jpg,Pure Soya Oil
image_0_5351.jpg,Pure Soya Oil
image_0_5384.jpg,Pure Soya Oil
image_0_5487.jpg,Pure Soya Oil
image_0_56.jpg,Pure Soya Oil
image_0_5700.jpg,Pure Soya Oil
image_0_6088.jpg,Pure Soya Oil
image_0_6108.jpg,Pure Soya Oil
image_0_6139.jpg,Pure Soya Oil
image_0_6299.jpg,Pure Soya Oil
image_0_6390.jpg,Pure Soya Oil
image_0_6419.jpg,Pure Soya Oil
image_0_6534.jpg,Pure Soya Oil
image_0_6562.jpg,Pure Soya Oil
image_0_7005.jpg,Pure Soya Oil
image_0_7123.jpg,Pure Soya Oil
image_0_7568.jpg,Pure Soya Oil
image_0_7678.jpg,Pure Soya Oil
image_0_7693.jpg,Pure Soya Oil
image_0_7892.jpg,Pure Soya Oil
image_0_7986.jpg,Pure Soya Oil
image_0_8188.jpg,Pure Soya Oil
image_0_8199.jpg,Pure Soya Oil
image_0_8381.jpg,Pure Soya Oil
image_0_8480.jpg,Pure Soya Oil
image_0_8495.jpg,Pure Soya Oil
image_0_8628.jpg,Pure Soya Oil
image_0_8687.jpg,Pure Soya Oil
image_0_8876.jpg,Pure Soya Oil
image_0_9026.jpg,Pure Soya Oil
image_0_926.jpg,Pure Soya Oil
image_0_9373.jpg,Pure Soya Oil
image_0_9594.jpg,Pure Soya Oil
image_0_9595.jpg,Pure Soya Oil
image_0_9991.jpg,Pure Soya Oil
image_0_9998.jpg,Pure Soya Oil
